[
{
  "pk": 34, 
  "model": "events.event_date", 
  "fields": {
    "date": "2014-01-10", 
    "taken": true, 
    "event_type": 1
  }
},
{
  "pk": 35, 
  "model": "events.event_date", 
  "fields": {
    "date": "2014-01-17", 
    "taken": true, 
    "event_type": 1
  }
},
{
  "pk": 36, 
  "model": "events.event_date", 
  "fields": {
    "date": "2014-01-24", 
    "taken": true, 
    "event_type": 1
  }
},
{
  "pk": 37, 
  "model": "events.event_date", 
  "fields": {
    "date": "2014-01-31", 
    "taken": true, 
    "event_type": 1
  }
},
{
  "pk": 38, 
  "model": "events.event_date", 
  "fields": {
    "date": "2014-02-07", 
    "taken": true, 
    "event_type": 1
  }
},
{
  "pk": 39, 
  "model": "events.event_date", 
  "fields": {
    "date": "2014-02-14", 
    "taken": false, 
    "event_type": 1
  }
},
{
  "pk": 40, 
  "model": "events.event_date", 
  "fields": {
    "date": "2014-02-21", 
    "taken": false, 
    "event_type": 1
  }
},
{
  "pk": 41, 
  "model": "events.event_date", 
  "fields": {
    "date": "2014-02-28", 
    "taken": false, 
    "event_type": 1
  }
},
{
  "pk": 42, 
  "model": "events.event_date", 
  "fields": {
    "date": "2014-01-05", 
    "taken": true, 
    "event_type": 2
  }
},
{
  "pk": 43, 
  "model": "events.event_date", 
  "fields": {
    "date": "2014-01-12", 
    "taken": true, 
    "event_type": 2
  }
},
{
  "pk": 44, 
  "model": "events.event_date", 
  "fields": {
    "date": "2014-01-19", 
    "taken": true, 
    "event_type": 2
  }
},
{
  "pk": 45, 
  "model": "events.event_date", 
  "fields": {
    "date": "2014-01-26", 
    "taken": false, 
    "event_type": 2
  }
},
{
  "pk": 46, 
  "model": "events.event_date", 
  "fields": {
    "date": "2014-02-02", 
    "taken": false, 
    "event_type": 2
  }
},
{
  "pk": 47, 
  "model": "events.event_date", 
  "fields": {
    "date": "2014-02-09", 
    "taken": false, 
    "event_type": 2
  }
},
{
  "pk": 48, 
  "model": "events.event_date", 
  "fields": {
    "date": "2014-02-16", 
    "taken": false, 
    "event_type": 2
  }
},
{
  "pk": 49, 
  "model": "events.event_date", 
  "fields": {
    "date": "2014-02-23", 
    "taken": false, 
    "event_type": 2
  }
},
{
  "pk": 50, 
  "model": "events.event_date", 
  "fields": {
    "date": "2014-01-05", 
    "taken": false, 
    "event_type": 3
  }
},
{
  "pk": 51, 
  "model": "events.event_date", 
  "fields": {
    "date": "2014-01-12", 
    "taken": false, 
    "event_type": 3
  }
},
{
  "pk": 52, 
  "model": "events.event_date", 
  "fields": {
    "date": "2014-01-19", 
    "taken": false, 
    "event_type": 3
  }
},
{
  "pk": 53, 
  "model": "events.event_date", 
  "fields": {
    "date": "2014-01-26", 
    "taken": false, 
    "event_type": 3
  }
},
{
  "pk": 54, 
  "model": "events.event_date", 
  "fields": {
    "date": "2014-02-02", 
    "taken": false, 
    "event_type": 3
  }
},
{
  "pk": 55, 
  "model": "events.event_date", 
  "fields": {
    "date": "2014-02-09", 
    "taken": false, 
    "event_type": 3
  }
},
{
  "pk": 56, 
  "model": "events.event_date", 
  "fields": {
    "date": "2014-02-16", 
    "taken": false, 
    "event_type": 3
  }
},
{
  "pk": 57, 
  "model": "events.event_date", 
  "fields": {
    "date": "2014-02-23", 
    "taken": false, 
    "event_type": 3
  }
},
{
  "pk": 1, 
  "model": "events.format", 
  "fields": {
    "max_actors": 5, 
    "icon": "images/formats/rumble!.jpg", 
    "short_desc": "GET READY TO RUMBLE! The monthly gloves-off fight to the death as two teams battle it out in a series of rounds to determine who is the funniest!", 
    "min_actors": 4, 
    "title": "Rumble!"
  }
},
{
  "pk": 2, 
  "model": "events.format", 
  "fields": {
    "max_actors": 12, 
    "icon": "images/formats/improvroyale.png", 
    "short_desc": "A chance to see the players of tomorrow as easylaughs graduates and players from around Amsterdam form teams and compete for the audience approval. If you are an easylaughs graduate and want to get some more stage time then contact us at info@easylaughs.nl", 
    "min_actors": 1, 
    "title": "Improv Royale"
  }
},
{
  "pk": 3, 
  "model": "events.format", 
  "fields": {
    "max_actors": 10, 
    "icon": "images/formats/courtroomdrama.jpg", 
    "short_desc": "Do you have a noisy neighbour? An irritating co-worker, a nagging partner? Bring your grievances to easylaughs and seek justice!\r\n\r\nAudience complaints are given a fair trial in this improvised courtroom battle, and once all the evidence has been heard, the audience decides the final verdict: innocent or guilty!", 
    "min_actors": 7, 
    "title": "Courtroom Drama"
  }
},
{
  "pk": 4, 
  "model": "events.format", 
  "fields": {
    "max_actors": 12, 
    "icon": "images/formats/easylaughsfamilychristmas.jpg", 
    "short_desc": "Its the last Friday of the term and the easylaughs cast are celebrating a family Christmas together. Some games, some songs, some Christmas crackers, maybe even a mince pie or two... its the only place to be this Christmas so pull up a seat by the fire and get festive!", 
    "min_actors": 6, 
    "title": "easylaughs Family Christmas"
  }
},
{
  "pk": 5, 
  "model": "events.format", 
  "fields": {
    "max_actors": 12, 
    "icon": "images/formats/level1-graduationshow.jpg", 
    "short_desc": "Its the turn of the students this week as the latest gang of improv newbies gets their chance in the spotlight.\r\n\r\nSo come along and show them some improv love!", 
    "min_actors": 1, 
    "title": "Level 1 - Graduation Show"
  }
},
{
  "pk": 6, 
  "model": "events.format", 
  "fields": {
    "max_actors": 1, 
    "icon": "images/formats/takeone-asoloshowbypetermore.jpg", 
    "short_desc": "Peter likes a challenge. This one is to create a movie on the spot in a random genre chosen by a panel of top Hollywood producers (yes, that's you). This plus re-imagining some classic scenes should keep him occupied and give those tricky producers what they want.", 
    "min_actors": 1, 
    "title": "Take One - a solo show by Peter More"
  }
},
{
  "pk": 7, 
  "model": "events.format", 
  "fields": {
    "max_actors": 2, 
    "icon": "images/formats/mischlerandmore.jpg", 
    "short_desc": "2 actors, 1 story, no script. easylaughs co-founders Mischler & More is a two-person improv team that specializes in improvised genres such as Shakespeare, Film Noir and Science Fiction.", 
    "min_actors": 2, 
    "title": "Mischler and More"
  }
},
{
  "pk": 8, 
  "model": "events.format", 
  "fields": {
    "max_actors": 8, 
    "icon": "images/formats/superscene.jpg", 
    "short_desc": "Its movie time! Six directors compete to tell the ultimate story based on suggestions from the audience. Only one director will make it all the way through to complete the final SuperScene!", 
    "min_actors": 6, 
    "title": "Superscene"
  }
},
{
  "pk": 4, 
  "model": "events.show", 
  "fields": {
    "date": 34, 
    "early_show": 7, 
    "late_show": 1, 
    "late_extra_inf": "Its Chinese vs Japanese in the honorable battle of Fah Cue.", 
    "early_extra_inf": ""
  }
},
{
  "pk": 5, 
  "model": "events.show", 
  "fields": {
    "date": 35, 
    "early_show": 6, 
    "late_show": 4, 
    "late_extra_inf": "\u201cInside Llewyn Davis,\u201d Joel and Ethan Coen\u2019s darkly comic odyssey set against the 1960s New York folk-music scene, swept the National Society of Film Critics\u2019 top prizes on Saturday, winning awards for picture, director, actor Oscar Isaac and cinematography.\r\n\r\nThe Coens\u2019 film has gone largely unrecognized by critics\u2019 groups this season, apart from a picture prize from the Toronto Film Critics Assn. The New York Film Critics Circle gave its top award to \u201cAmerican Hustle,\u201d while the Los Angeles Film Critics\u2019 Assn. split its honors between \u201cGravity\u201d and \u201cHer.\u201d", 
    "early_extra_inf": "a\u00b7loneness n.\r\nSynonyms: alone, lonely, lonesome, solitary\r\n\r\nThese adjectives describe lack of companionship. Alone emphasizes being apart from others but does not necessarily imply unhappiness: \"I am never less alone, than when I am alone\" (James Howell)."
  }
},
{
  "pk": 6, 
  "model": "events.show", 
  "fields": {
    "date": 36, 
    "early_show": null, 
    "late_show": 8, 
    "late_extra_inf": "", 
    "early_extra_inf": ""
  }
},
{
  "pk": 7, 
  "model": "events.show", 
  "fields": {
    "date": 37, 
    "early_show": 7, 
    "late_show": 8, 
    "late_extra_inf": "All about movies and that.", 
    "early_extra_inf": "extra text"
  }
},
{
  "pk": 8, 
  "model": "events.show", 
  "fields": {
    "date": 38, 
    "early_show": 2, 
    "late_show": 1, 
    "late_extra_inf": "", 
    "early_extra_inf": ""
  }
},
{
  "pk": 22, 
  "model": "events.workshop", 
  "fields": {
    "date": 42, 
    "desc": "Chondrichthyes (/k\u0252n\u02c8dr\u026ak\u03b8\u0268.i\u02d0z/; from Greek \u03c7\u03bf\u03bd\u03b4\u03c1- chondr- 'cartilage', \u1f30\u03c7\u03b8\u03cd\u03c2 ichthys 'fish') or cartilaginous fishes are jawed fish with paired fins, paired nares, scales, a heart with its chambers in series, and skeletons made of cartilage rather than bone. The class is divided into two subclasses: Elasmobranchii (sharks, rays and skates) and Holocephali (chimaeras, sometimes called ghost sharks, which are sometimes separated into their own class).", 
    "actor": 24, 
    "title": "Funny shaped scars"
  }
},
{
  "pk": 23, 
  "model": "events.workshop", 
  "fields": {
    "date": 43, 
    "desc": "This all about cheese", 
    "actor": 26, 
    "title": "Annes workshop"
  }
},
{
  "pk": 24, 
  "model": "events.workshop", 
  "fields": {
    "date": 44, 
    "desc": "Ill do a thing about Django because its awesome.", 
    "actor": 25, 
    "title": "This is a workshop"
  }
},
{
  "pk": 139, 
  "model": "events.availability", 
  "fields": {
    "date": 42, 
    "person": 23, 
    "host": false, 
    "available": true, 
    "cast": false
  }
},
{
  "pk": 140, 
  "model": "events.availability", 
  "fields": {
    "date": 50, 
    "person": 23, 
    "host": false, 
    "available": true, 
    "cast": false
  }
},
{
  "pk": 141, 
  "model": "events.availability", 
  "fields": {
    "date": 34, 
    "person": 23, 
    "host": true, 
    "available": true, 
    "cast": true
  }
},
{
  "pk": 142, 
  "model": "events.availability", 
  "fields": {
    "date": 43, 
    "person": 23, 
    "host": false, 
    "available": true, 
    "cast": false
  }
},
{
  "pk": 143, 
  "model": "events.availability", 
  "fields": {
    "date": 51, 
    "person": 23, 
    "host": false, 
    "available": true, 
    "cast": false
  }
},
{
  "pk": 144, 
  "model": "events.availability", 
  "fields": {
    "date": 35, 
    "person": 23, 
    "host": false, 
    "available": false, 
    "cast": true
  }
},
{
  "pk": 145, 
  "model": "events.availability", 
  "fields": {
    "date": 44, 
    "person": 23, 
    "host": false, 
    "available": true, 
    "cast": false
  }
},
{
  "pk": 146, 
  "model": "events.availability", 
  "fields": {
    "date": 52, 
    "person": 23, 
    "host": false, 
    "available": true, 
    "cast": false
  }
},
{
  "pk": 147, 
  "model": "events.availability", 
  "fields": {
    "date": 36, 
    "person": 23, 
    "host": false, 
    "available": true, 
    "cast": true
  }
},
{
  "pk": 148, 
  "model": "events.availability", 
  "fields": {
    "date": 45, 
    "person": 23, 
    "host": false, 
    "available": true, 
    "cast": false
  }
},
{
  "pk": 149, 
  "model": "events.availability", 
  "fields": {
    "date": 53, 
    "person": 23, 
    "host": false, 
    "available": true, 
    "cast": false
  }
},
{
  "pk": 150, 
  "model": "events.availability", 
  "fields": {
    "date": 37, 
    "person": 23, 
    "host": false, 
    "available": true, 
    "cast": false
  }
},
{
  "pk": 151, 
  "model": "events.availability", 
  "fields": {
    "date": 46, 
    "person": 23, 
    "host": false, 
    "available": true, 
    "cast": false
  }
},
{
  "pk": 152, 
  "model": "events.availability", 
  "fields": {
    "date": 54, 
    "person": 23, 
    "host": false, 
    "available": true, 
    "cast": false
  }
},
{
  "pk": 153, 
  "model": "events.availability", 
  "fields": {
    "date": 38, 
    "person": 23, 
    "host": false, 
    "available": true, 
    "cast": false
  }
},
{
  "pk": 154, 
  "model": "events.availability", 
  "fields": {
    "date": 47, 
    "person": 23, 
    "host": false, 
    "available": true, 
    "cast": false
  }
},
{
  "pk": 155, 
  "model": "events.availability", 
  "fields": {
    "date": 55, 
    "person": 23, 
    "host": false, 
    "available": true, 
    "cast": false
  }
},
{
  "pk": 156, 
  "model": "events.availability", 
  "fields": {
    "date": 39, 
    "person": 23, 
    "host": false, 
    "available": true, 
    "cast": false
  }
},
{
  "pk": 157, 
  "model": "events.availability", 
  "fields": {
    "date": 48, 
    "person": 23, 
    "host": false, 
    "available": true, 
    "cast": false
  }
},
{
  "pk": 158, 
  "model": "events.availability", 
  "fields": {
    "date": 56, 
    "person": 23, 
    "host": false, 
    "available": true, 
    "cast": false
  }
},
{
  "pk": 159, 
  "model": "events.availability", 
  "fields": {
    "date": 40, 
    "person": 23, 
    "host": false, 
    "available": true, 
    "cast": false
  }
},
{
  "pk": 160, 
  "model": "events.availability", 
  "fields": {
    "date": 49, 
    "person": 23, 
    "host": false, 
    "available": true, 
    "cast": false
  }
},
{
  "pk": 161, 
  "model": "events.availability", 
  "fields": {
    "date": 57, 
    "person": 23, 
    "host": false, 
    "available": true, 
    "cast": false
  }
},
{
  "pk": 162, 
  "model": "events.availability", 
  "fields": {
    "date": 41, 
    "person": 23, 
    "host": false, 
    "available": true, 
    "cast": false
  }
},
{
  "pk": 163, 
  "model": "events.availability", 
  "fields": {
    "date": 42, 
    "person": 20, 
    "host": false, 
    "available": true, 
    "cast": false
  }
},
{
  "pk": 164, 
  "model": "events.availability", 
  "fields": {
    "date": 50, 
    "person": 20, 
    "host": false, 
    "available": true, 
    "cast": false
  }
},
{
  "pk": 165, 
  "model": "events.availability", 
  "fields": {
    "date": 34, 
    "person": 20, 
    "host": false, 
    "available": true, 
    "cast": false
  }
},
{
  "pk": 166, 
  "model": "events.availability", 
  "fields": {
    "date": 43, 
    "person": 20, 
    "host": false, 
    "available": true, 
    "cast": false
  }
},
{
  "pk": 167, 
  "model": "events.availability", 
  "fields": {
    "date": 51, 
    "person": 20, 
    "host": false, 
    "available": true, 
    "cast": false
  }
},
{
  "pk": 168, 
  "model": "events.availability", 
  "fields": {
    "date": 35, 
    "person": 20, 
    "host": false, 
    "available": false, 
    "cast": true
  }
},
{
  "pk": 169, 
  "model": "events.availability", 
  "fields": {
    "date": 44, 
    "person": 20, 
    "host": false, 
    "available": true, 
    "cast": false
  }
},
{
  "pk": 170, 
  "model": "events.availability", 
  "fields": {
    "date": 52, 
    "person": 20, 
    "host": false, 
    "available": true, 
    "cast": false
  }
},
{
  "pk": 171, 
  "model": "events.availability", 
  "fields": {
    "date": 36, 
    "person": 20, 
    "host": false, 
    "available": true, 
    "cast": true
  }
},
{
  "pk": 172, 
  "model": "events.availability", 
  "fields": {
    "date": 45, 
    "person": 20, 
    "host": false, 
    "available": true, 
    "cast": false
  }
},
{
  "pk": 173, 
  "model": "events.availability", 
  "fields": {
    "date": 53, 
    "person": 20, 
    "host": false, 
    "available": false, 
    "cast": false
  }
},
{
  "pk": 174, 
  "model": "events.availability", 
  "fields": {
    "date": 37, 
    "person": 20, 
    "host": false, 
    "available": false, 
    "cast": false
  }
},
{
  "pk": 175, 
  "model": "events.availability", 
  "fields": {
    "date": 46, 
    "person": 20, 
    "host": false, 
    "available": false, 
    "cast": false
  }
},
{
  "pk": 176, 
  "model": "events.availability", 
  "fields": {
    "date": 54, 
    "person": 20, 
    "host": false, 
    "available": false, 
    "cast": false
  }
},
{
  "pk": 177, 
  "model": "events.availability", 
  "fields": {
    "date": 38, 
    "person": 20, 
    "host": false, 
    "available": false, 
    "cast": false
  }
},
{
  "pk": 178, 
  "model": "events.availability", 
  "fields": {
    "date": 47, 
    "person": 20, 
    "host": false, 
    "available": false, 
    "cast": false
  }
},
{
  "pk": 179, 
  "model": "events.availability", 
  "fields": {
    "date": 55, 
    "person": 20, 
    "host": false, 
    "available": false, 
    "cast": false
  }
},
{
  "pk": 180, 
  "model": "events.availability", 
  "fields": {
    "date": 39, 
    "person": 20, 
    "host": false, 
    "available": false, 
    "cast": false
  }
},
{
  "pk": 181, 
  "model": "events.availability", 
  "fields": {
    "date": 48, 
    "person": 20, 
    "host": false, 
    "available": false, 
    "cast": false
  }
},
{
  "pk": 182, 
  "model": "events.availability", 
  "fields": {
    "date": 56, 
    "person": 20, 
    "host": false, 
    "available": false, 
    "cast": false
  }
},
{
  "pk": 183, 
  "model": "events.availability", 
  "fields": {
    "date": 40, 
    "person": 20, 
    "host": false, 
    "available": false, 
    "cast": false
  }
},
{
  "pk": 184, 
  "model": "events.availability", 
  "fields": {
    "date": 49, 
    "person": 20, 
    "host": false, 
    "available": false, 
    "cast": false
  }
},
{
  "pk": 185, 
  "model": "events.availability", 
  "fields": {
    "date": 57, 
    "person": 20, 
    "host": false, 
    "available": false, 
    "cast": false
  }
},
{
  "pk": 186, 
  "model": "events.availability", 
  "fields": {
    "date": 41, 
    "person": 20, 
    "host": false, 
    "available": false, 
    "cast": false
  }
},
{
  "pk": 187, 
  "model": "events.availability", 
  "fields": {
    "date": 42, 
    "person": 27, 
    "host": false, 
    "available": false, 
    "cast": false
  }
},
{
  "pk": 188, 
  "model": "events.availability", 
  "fields": {
    "date": 50, 
    "person": 27, 
    "host": false, 
    "available": false, 
    "cast": false
  }
},
{
  "pk": 189, 
  "model": "events.availability", 
  "fields": {
    "date": 34, 
    "person": 27, 
    "host": false, 
    "available": true, 
    "cast": false
  }
},
{
  "pk": 190, 
  "model": "events.availability", 
  "fields": {
    "date": 43, 
    "person": 27, 
    "host": false, 
    "available": false, 
    "cast": false
  }
},
{
  "pk": 191, 
  "model": "events.availability", 
  "fields": {
    "date": 51, 
    "person": 27, 
    "host": false, 
    "available": false, 
    "cast": false
  }
},
{
  "pk": 192, 
  "model": "events.availability", 
  "fields": {
    "date": 35, 
    "person": 27, 
    "host": false, 
    "available": false, 
    "cast": false
  }
},
{
  "pk": 193, 
  "model": "events.availability", 
  "fields": {
    "date": 44, 
    "person": 27, 
    "host": false, 
    "available": false, 
    "cast": false
  }
},
{
  "pk": 194, 
  "model": "events.availability", 
  "fields": {
    "date": 52, 
    "person": 27, 
    "host": false, 
    "available": false, 
    "cast": false
  }
},
{
  "pk": 195, 
  "model": "events.availability", 
  "fields": {
    "date": 36, 
    "person": 27, 
    "host": false, 
    "available": true, 
    "cast": true
  }
},
{
  "pk": 196, 
  "model": "events.availability", 
  "fields": {
    "date": 45, 
    "person": 27, 
    "host": false, 
    "available": false, 
    "cast": false
  }
},
{
  "pk": 197, 
  "model": "events.availability", 
  "fields": {
    "date": 53, 
    "person": 27, 
    "host": false, 
    "available": false, 
    "cast": false
  }
},
{
  "pk": 198, 
  "model": "events.availability", 
  "fields": {
    "date": 37, 
    "person": 27, 
    "host": false, 
    "available": false, 
    "cast": false
  }
},
{
  "pk": 199, 
  "model": "events.availability", 
  "fields": {
    "date": 46, 
    "person": 27, 
    "host": false, 
    "available": false, 
    "cast": false
  }
},
{
  "pk": 200, 
  "model": "events.availability", 
  "fields": {
    "date": 54, 
    "person": 27, 
    "host": false, 
    "available": false, 
    "cast": false
  }
},
{
  "pk": 201, 
  "model": "events.availability", 
  "fields": {
    "date": 38, 
    "person": 27, 
    "host": false, 
    "available": false, 
    "cast": false
  }
},
{
  "pk": 202, 
  "model": "events.availability", 
  "fields": {
    "date": 47, 
    "person": 27, 
    "host": false, 
    "available": false, 
    "cast": false
  }
},
{
  "pk": 203, 
  "model": "events.availability", 
  "fields": {
    "date": 55, 
    "person": 27, 
    "host": false, 
    "available": false, 
    "cast": false
  }
},
{
  "pk": 204, 
  "model": "events.availability", 
  "fields": {
    "date": 39, 
    "person": 27, 
    "host": false, 
    "available": false, 
    "cast": false
  }
},
{
  "pk": 205, 
  "model": "events.availability", 
  "fields": {
    "date": 48, 
    "person": 27, 
    "host": false, 
    "available": false, 
    "cast": false
  }
},
{
  "pk": 206, 
  "model": "events.availability", 
  "fields": {
    "date": 56, 
    "person": 27, 
    "host": false, 
    "available": false, 
    "cast": false
  }
},
{
  "pk": 207, 
  "model": "events.availability", 
  "fields": {
    "date": 40, 
    "person": 27, 
    "host": false, 
    "available": false, 
    "cast": false
  }
},
{
  "pk": 208, 
  "model": "events.availability", 
  "fields": {
    "date": 49, 
    "person": 27, 
    "host": false, 
    "available": false, 
    "cast": false
  }
},
{
  "pk": 209, 
  "model": "events.availability", 
  "fields": {
    "date": 57, 
    "person": 27, 
    "host": false, 
    "available": false, 
    "cast": false
  }
},
{
  "pk": 210, 
  "model": "events.availability", 
  "fields": {
    "date": 41, 
    "person": 27, 
    "host": false, 
    "available": false, 
    "cast": false
  }
},
{
  "pk": 211, 
  "model": "events.availability", 
  "fields": {
    "date": 42, 
    "person": 28, 
    "host": false, 
    "available": false, 
    "cast": false
  }
},
{
  "pk": 212, 
  "model": "events.availability", 
  "fields": {
    "date": 50, 
    "person": 28, 
    "host": false, 
    "available": false, 
    "cast": false
  }
},
{
  "pk": 213, 
  "model": "events.availability", 
  "fields": {
    "date": 34, 
    "person": 28, 
    "host": false, 
    "available": true, 
    "cast": false
  }
},
{
  "pk": 214, 
  "model": "events.availability", 
  "fields": {
    "date": 43, 
    "person": 28, 
    "host": false, 
    "available": false, 
    "cast": false
  }
},
{
  "pk": 215, 
  "model": "events.availability", 
  "fields": {
    "date": 51, 
    "person": 28, 
    "host": false, 
    "available": false, 
    "cast": false
  }
},
{
  "pk": 216, 
  "model": "events.availability", 
  "fields": {
    "date": 35, 
    "person": 28, 
    "host": false, 
    "available": false, 
    "cast": false
  }
},
{
  "pk": 217, 
  "model": "events.availability", 
  "fields": {
    "date": 44, 
    "person": 28, 
    "host": false, 
    "available": false, 
    "cast": false
  }
},
{
  "pk": 218, 
  "model": "events.availability", 
  "fields": {
    "date": 52, 
    "person": 28, 
    "host": false, 
    "available": false, 
    "cast": false
  }
},
{
  "pk": 219, 
  "model": "events.availability", 
  "fields": {
    "date": 36, 
    "person": 28, 
    "host": false, 
    "available": true, 
    "cast": true
  }
},
{
  "pk": 220, 
  "model": "events.availability", 
  "fields": {
    "date": 45, 
    "person": 28, 
    "host": false, 
    "available": false, 
    "cast": false
  }
},
{
  "pk": 221, 
  "model": "events.availability", 
  "fields": {
    "date": 53, 
    "person": 28, 
    "host": false, 
    "available": false, 
    "cast": false
  }
},
{
  "pk": 222, 
  "model": "events.availability", 
  "fields": {
    "date": 37, 
    "person": 28, 
    "host": false, 
    "available": false, 
    "cast": false
  }
},
{
  "pk": 223, 
  "model": "events.availability", 
  "fields": {
    "date": 46, 
    "person": 28, 
    "host": false, 
    "available": false, 
    "cast": false
  }
},
{
  "pk": 224, 
  "model": "events.availability", 
  "fields": {
    "date": 54, 
    "person": 28, 
    "host": false, 
    "available": false, 
    "cast": false
  }
},
{
  "pk": 225, 
  "model": "events.availability", 
  "fields": {
    "date": 38, 
    "person": 28, 
    "host": false, 
    "available": false, 
    "cast": false
  }
},
{
  "pk": 226, 
  "model": "events.availability", 
  "fields": {
    "date": 47, 
    "person": 28, 
    "host": false, 
    "available": false, 
    "cast": false
  }
},
{
  "pk": 227, 
  "model": "events.availability", 
  "fields": {
    "date": 55, 
    "person": 28, 
    "host": false, 
    "available": false, 
    "cast": false
  }
},
{
  "pk": 228, 
  "model": "events.availability", 
  "fields": {
    "date": 39, 
    "person": 28, 
    "host": false, 
    "available": false, 
    "cast": false
  }
},
{
  "pk": 229, 
  "model": "events.availability", 
  "fields": {
    "date": 48, 
    "person": 28, 
    "host": false, 
    "available": false, 
    "cast": false
  }
},
{
  "pk": 230, 
  "model": "events.availability", 
  "fields": {
    "date": 56, 
    "person": 28, 
    "host": false, 
    "available": false, 
    "cast": false
  }
},
{
  "pk": 231, 
  "model": "events.availability", 
  "fields": {
    "date": 40, 
    "person": 28, 
    "host": false, 
    "available": false, 
    "cast": false
  }
},
{
  "pk": 232, 
  "model": "events.availability", 
  "fields": {
    "date": 49, 
    "person": 28, 
    "host": false, 
    "available": false, 
    "cast": false
  }
},
{
  "pk": 233, 
  "model": "events.availability", 
  "fields": {
    "date": 57, 
    "person": 28, 
    "host": false, 
    "available": false, 
    "cast": false
  }
},
{
  "pk": 234, 
  "model": "events.availability", 
  "fields": {
    "date": 41, 
    "person": 28, 
    "host": false, 
    "available": false, 
    "cast": false
  }
},
{
  "pk": 235, 
  "model": "events.availability", 
  "fields": {
    "date": 42, 
    "person": 24, 
    "host": false, 
    "available": false, 
    "cast": false
  }
},
{
  "pk": 236, 
  "model": "events.availability", 
  "fields": {
    "date": 50, 
    "person": 24, 
    "host": false, 
    "available": false, 
    "cast": false
  }
},
{
  "pk": 237, 
  "model": "events.availability", 
  "fields": {
    "date": 34, 
    "person": 24, 
    "host": false, 
    "available": true, 
    "cast": true
  }
},
{
  "pk": 238, 
  "model": "events.availability", 
  "fields": {
    "date": 43, 
    "person": 24, 
    "host": false, 
    "available": false, 
    "cast": false
  }
},
{
  "pk": 239, 
  "model": "events.availability", 
  "fields": {
    "date": 51, 
    "person": 24, 
    "host": false, 
    "available": false, 
    "cast": false
  }
},
{
  "pk": 240, 
  "model": "events.availability", 
  "fields": {
    "date": 35, 
    "person": 24, 
    "host": false, 
    "available": false, 
    "cast": false
  }
},
{
  "pk": 241, 
  "model": "events.availability", 
  "fields": {
    "date": 44, 
    "person": 24, 
    "host": false, 
    "available": false, 
    "cast": false
  }
},
{
  "pk": 242, 
  "model": "events.availability", 
  "fields": {
    "date": 52, 
    "person": 24, 
    "host": false, 
    "available": false, 
    "cast": false
  }
},
{
  "pk": 243, 
  "model": "events.availability", 
  "fields": {
    "date": 36, 
    "person": 24, 
    "host": false, 
    "available": true, 
    "cast": true
  }
},
{
  "pk": 244, 
  "model": "events.availability", 
  "fields": {
    "date": 45, 
    "person": 24, 
    "host": false, 
    "available": false, 
    "cast": false
  }
},
{
  "pk": 245, 
  "model": "events.availability", 
  "fields": {
    "date": 53, 
    "person": 24, 
    "host": false, 
    "available": false, 
    "cast": false
  }
},
{
  "pk": 246, 
  "model": "events.availability", 
  "fields": {
    "date": 37, 
    "person": 24, 
    "host": false, 
    "available": false, 
    "cast": false
  }
},
{
  "pk": 247, 
  "model": "events.availability", 
  "fields": {
    "date": 46, 
    "person": 24, 
    "host": false, 
    "available": false, 
    "cast": false
  }
},
{
  "pk": 248, 
  "model": "events.availability", 
  "fields": {
    "date": 54, 
    "person": 24, 
    "host": false, 
    "available": false, 
    "cast": false
  }
},
{
  "pk": 249, 
  "model": "events.availability", 
  "fields": {
    "date": 38, 
    "person": 24, 
    "host": false, 
    "available": false, 
    "cast": false
  }
},
{
  "pk": 250, 
  "model": "events.availability", 
  "fields": {
    "date": 47, 
    "person": 24, 
    "host": false, 
    "available": false, 
    "cast": false
  }
},
{
  "pk": 251, 
  "model": "events.availability", 
  "fields": {
    "date": 55, 
    "person": 24, 
    "host": false, 
    "available": false, 
    "cast": false
  }
},
{
  "pk": 252, 
  "model": "events.availability", 
  "fields": {
    "date": 39, 
    "person": 24, 
    "host": false, 
    "available": false, 
    "cast": false
  }
},
{
  "pk": 253, 
  "model": "events.availability", 
  "fields": {
    "date": 48, 
    "person": 24, 
    "host": false, 
    "available": false, 
    "cast": false
  }
},
{
  "pk": 254, 
  "model": "events.availability", 
  "fields": {
    "date": 56, 
    "person": 24, 
    "host": false, 
    "available": false, 
    "cast": false
  }
},
{
  "pk": 255, 
  "model": "events.availability", 
  "fields": {
    "date": 40, 
    "person": 24, 
    "host": false, 
    "available": false, 
    "cast": false
  }
},
{
  "pk": 256, 
  "model": "events.availability", 
  "fields": {
    "date": 49, 
    "person": 24, 
    "host": false, 
    "available": false, 
    "cast": false
  }
},
{
  "pk": 257, 
  "model": "events.availability", 
  "fields": {
    "date": 57, 
    "person": 24, 
    "host": false, 
    "available": false, 
    "cast": false
  }
},
{
  "pk": 258, 
  "model": "events.availability", 
  "fields": {
    "date": 41, 
    "person": 24, 
    "host": false, 
    "available": false, 
    "cast": false
  }
},
{
  "pk": 259, 
  "model": "events.availability", 
  "fields": {
    "date": 42, 
    "person": 21, 
    "host": false, 
    "available": false, 
    "cast": false
  }
},
{
  "pk": 260, 
  "model": "events.availability", 
  "fields": {
    "date": 50, 
    "person": 21, 
    "host": false, 
    "available": false, 
    "cast": false
  }
},
{
  "pk": 261, 
  "model": "events.availability", 
  "fields": {
    "date": 34, 
    "person": 21, 
    "host": false, 
    "available": true, 
    "cast": false
  }
},
{
  "pk": 262, 
  "model": "events.availability", 
  "fields": {
    "date": 43, 
    "person": 21, 
    "host": false, 
    "available": false, 
    "cast": false
  }
},
{
  "pk": 263, 
  "model": "events.availability", 
  "fields": {
    "date": 51, 
    "person": 21, 
    "host": false, 
    "available": false, 
    "cast": false
  }
},
{
  "pk": 264, 
  "model": "events.availability", 
  "fields": {
    "date": 35, 
    "person": 21, 
    "host": false, 
    "available": false, 
    "cast": false
  }
},
{
  "pk": 265, 
  "model": "events.availability", 
  "fields": {
    "date": 44, 
    "person": 21, 
    "host": false, 
    "available": false, 
    "cast": false
  }
},
{
  "pk": 266, 
  "model": "events.availability", 
  "fields": {
    "date": 52, 
    "person": 21, 
    "host": false, 
    "available": false, 
    "cast": false
  }
},
{
  "pk": 267, 
  "model": "events.availability", 
  "fields": {
    "date": 36, 
    "person": 21, 
    "host": false, 
    "available": true, 
    "cast": true
  }
},
{
  "pk": 268, 
  "model": "events.availability", 
  "fields": {
    "date": 45, 
    "person": 21, 
    "host": false, 
    "available": false, 
    "cast": false
  }
},
{
  "pk": 269, 
  "model": "events.availability", 
  "fields": {
    "date": 53, 
    "person": 21, 
    "host": false, 
    "available": false, 
    "cast": false
  }
},
{
  "pk": 270, 
  "model": "events.availability", 
  "fields": {
    "date": 37, 
    "person": 21, 
    "host": false, 
    "available": false, 
    "cast": false
  }
},
{
  "pk": 271, 
  "model": "events.availability", 
  "fields": {
    "date": 46, 
    "person": 21, 
    "host": false, 
    "available": false, 
    "cast": false
  }
},
{
  "pk": 272, 
  "model": "events.availability", 
  "fields": {
    "date": 54, 
    "person": 21, 
    "host": false, 
    "available": false, 
    "cast": false
  }
},
{
  "pk": 273, 
  "model": "events.availability", 
  "fields": {
    "date": 38, 
    "person": 21, 
    "host": false, 
    "available": false, 
    "cast": false
  }
},
{
  "pk": 274, 
  "model": "events.availability", 
  "fields": {
    "date": 47, 
    "person": 21, 
    "host": false, 
    "available": false, 
    "cast": false
  }
},
{
  "pk": 275, 
  "model": "events.availability", 
  "fields": {
    "date": 55, 
    "person": 21, 
    "host": false, 
    "available": false, 
    "cast": false
  }
},
{
  "pk": 276, 
  "model": "events.availability", 
  "fields": {
    "date": 39, 
    "person": 21, 
    "host": false, 
    "available": false, 
    "cast": false
  }
},
{
  "pk": 277, 
  "model": "events.availability", 
  "fields": {
    "date": 48, 
    "person": 21, 
    "host": false, 
    "available": false, 
    "cast": false
  }
},
{
  "pk": 278, 
  "model": "events.availability", 
  "fields": {
    "date": 56, 
    "person": 21, 
    "host": false, 
    "available": false, 
    "cast": false
  }
},
{
  "pk": 279, 
  "model": "events.availability", 
  "fields": {
    "date": 40, 
    "person": 21, 
    "host": false, 
    "available": false, 
    "cast": false
  }
},
{
  "pk": 280, 
  "model": "events.availability", 
  "fields": {
    "date": 49, 
    "person": 21, 
    "host": false, 
    "available": false, 
    "cast": false
  }
},
{
  "pk": 281, 
  "model": "events.availability", 
  "fields": {
    "date": 57, 
    "person": 21, 
    "host": false, 
    "available": false, 
    "cast": false
  }
},
{
  "pk": 282, 
  "model": "events.availability", 
  "fields": {
    "date": 41, 
    "person": 21, 
    "host": false, 
    "available": false, 
    "cast": false
  }
},
{
  "pk": 283, 
  "model": "events.availability", 
  "fields": {
    "date": 42, 
    "person": 26, 
    "host": false, 
    "available": true, 
    "cast": false
  }
},
{
  "pk": 284, 
  "model": "events.availability", 
  "fields": {
    "date": 50, 
    "person": 26, 
    "host": false, 
    "available": true, 
    "cast": false
  }
},
{
  "pk": 285, 
  "model": "events.availability", 
  "fields": {
    "date": 34, 
    "person": 26, 
    "host": false, 
    "available": true, 
    "cast": true
  }
},
{
  "pk": 286, 
  "model": "events.availability", 
  "fields": {
    "date": 43, 
    "person": 26, 
    "host": false, 
    "available": true, 
    "cast": false
  }
},
{
  "pk": 287, 
  "model": "events.availability", 
  "fields": {
    "date": 51, 
    "person": 26, 
    "host": false, 
    "available": true, 
    "cast": false
  }
},
{
  "pk": 288, 
  "model": "events.availability", 
  "fields": {
    "date": 35, 
    "person": 26, 
    "host": false, 
    "available": false, 
    "cast": false
  }
},
{
  "pk": 289, 
  "model": "events.availability", 
  "fields": {
    "date": 44, 
    "person": 26, 
    "host": false, 
    "available": true, 
    "cast": false
  }
},
{
  "pk": 290, 
  "model": "events.availability", 
  "fields": {
    "date": 52, 
    "person": 26, 
    "host": false, 
    "available": false, 
    "cast": false
  }
},
{
  "pk": 291, 
  "model": "events.availability", 
  "fields": {
    "date": 36, 
    "person": 26, 
    "host": true, 
    "available": true, 
    "cast": true
  }
},
{
  "pk": 292, 
  "model": "events.availability", 
  "fields": {
    "date": 45, 
    "person": 26, 
    "host": false, 
    "available": false, 
    "cast": false
  }
},
{
  "pk": 293, 
  "model": "events.availability", 
  "fields": {
    "date": 53, 
    "person": 26, 
    "host": false, 
    "available": false, 
    "cast": false
  }
},
{
  "pk": 294, 
  "model": "events.availability", 
  "fields": {
    "date": 37, 
    "person": 26, 
    "host": false, 
    "available": false, 
    "cast": false
  }
},
{
  "pk": 295, 
  "model": "events.availability", 
  "fields": {
    "date": 46, 
    "person": 26, 
    "host": false, 
    "available": false, 
    "cast": false
  }
},
{
  "pk": 296, 
  "model": "events.availability", 
  "fields": {
    "date": 54, 
    "person": 26, 
    "host": false, 
    "available": false, 
    "cast": false
  }
},
{
  "pk": 297, 
  "model": "events.availability", 
  "fields": {
    "date": 38, 
    "person": 26, 
    "host": false, 
    "available": false, 
    "cast": false
  }
},
{
  "pk": 298, 
  "model": "events.availability", 
  "fields": {
    "date": 47, 
    "person": 26, 
    "host": false, 
    "available": false, 
    "cast": false
  }
},
{
  "pk": 299, 
  "model": "events.availability", 
  "fields": {
    "date": 55, 
    "person": 26, 
    "host": false, 
    "available": false, 
    "cast": false
  }
},
{
  "pk": 300, 
  "model": "events.availability", 
  "fields": {
    "date": 39, 
    "person": 26, 
    "host": false, 
    "available": false, 
    "cast": false
  }
},
{
  "pk": 301, 
  "model": "events.availability", 
  "fields": {
    "date": 48, 
    "person": 26, 
    "host": false, 
    "available": false, 
    "cast": false
  }
},
{
  "pk": 302, 
  "model": "events.availability", 
  "fields": {
    "date": 56, 
    "person": 26, 
    "host": false, 
    "available": false, 
    "cast": false
  }
},
{
  "pk": 303, 
  "model": "events.availability", 
  "fields": {
    "date": 40, 
    "person": 26, 
    "host": false, 
    "available": false, 
    "cast": false
  }
},
{
  "pk": 304, 
  "model": "events.availability", 
  "fields": {
    "date": 49, 
    "person": 26, 
    "host": false, 
    "available": false, 
    "cast": false
  }
},
{
  "pk": 305, 
  "model": "events.availability", 
  "fields": {
    "date": 57, 
    "person": 26, 
    "host": false, 
    "available": false, 
    "cast": false
  }
},
{
  "pk": 306, 
  "model": "events.availability", 
  "fields": {
    "date": 41, 
    "person": 26, 
    "host": false, 
    "available": false, 
    "cast": false
  }
},
{
  "pk": 307, 
  "model": "events.availability", 
  "fields": {
    "date": 34, 
    "person": 25, 
    "host": false, 
    "available": true, 
    "cast": true
  }
},
{
  "pk": 308, 
  "model": "events.availability", 
  "fields": {
    "date": 43, 
    "person": 25, 
    "host": false, 
    "available": true, 
    "cast": false
  }
},
{
  "pk": 309, 
  "model": "events.availability", 
  "fields": {
    "date": 51, 
    "person": 25, 
    "host": false, 
    "available": true, 
    "cast": false
  }
},
{
  "pk": 310, 
  "model": "events.availability", 
  "fields": {
    "date": 35, 
    "person": 25, 
    "host": true, 
    "available": true, 
    "cast": true
  }
},
{
  "pk": 311, 
  "model": "events.availability", 
  "fields": {
    "date": 44, 
    "person": 25, 
    "host": false, 
    "available": true, 
    "cast": false
  }
},
{
  "pk": 312, 
  "model": "events.availability", 
  "fields": {
    "date": 52, 
    "person": 25, 
    "host": false, 
    "available": true, 
    "cast": false
  }
},
{
  "pk": 313, 
  "model": "events.availability", 
  "fields": {
    "date": 36, 
    "person": 25, 
    "host": false, 
    "available": true, 
    "cast": false
  }
},
{
  "pk": 314, 
  "model": "events.availability", 
  "fields": {
    "date": 45, 
    "person": 25, 
    "host": false, 
    "available": true, 
    "cast": false
  }
},
{
  "pk": 315, 
  "model": "events.availability", 
  "fields": {
    "date": 53, 
    "person": 25, 
    "host": false, 
    "available": true, 
    "cast": false
  }
},
{
  "pk": 316, 
  "model": "events.availability", 
  "fields": {
    "date": 37, 
    "person": 25, 
    "host": false, 
    "available": true, 
    "cast": false
  }
},
{
  "pk": 317, 
  "model": "events.availability", 
  "fields": {
    "date": 46, 
    "person": 25, 
    "host": false, 
    "available": false, 
    "cast": false
  }
},
{
  "pk": 318, 
  "model": "events.availability", 
  "fields": {
    "date": 54, 
    "person": 25, 
    "host": false, 
    "available": false, 
    "cast": false
  }
},
{
  "pk": 319, 
  "model": "events.availability", 
  "fields": {
    "date": 38, 
    "person": 25, 
    "host": false, 
    "available": false, 
    "cast": false
  }
},
{
  "pk": 320, 
  "model": "events.availability", 
  "fields": {
    "date": 47, 
    "person": 25, 
    "host": false, 
    "available": false, 
    "cast": false
  }
},
{
  "pk": 321, 
  "model": "events.availability", 
  "fields": {
    "date": 55, 
    "person": 25, 
    "host": false, 
    "available": false, 
    "cast": false
  }
},
{
  "pk": 322, 
  "model": "events.availability", 
  "fields": {
    "date": 39, 
    "person": 25, 
    "host": false, 
    "available": false, 
    "cast": false
  }
},
{
  "pk": 323, 
  "model": "events.availability", 
  "fields": {
    "date": 48, 
    "person": 25, 
    "host": false, 
    "available": false, 
    "cast": false
  }
},
{
  "pk": 324, 
  "model": "events.availability", 
  "fields": {
    "date": 56, 
    "person": 25, 
    "host": false, 
    "available": false, 
    "cast": false
  }
},
{
  "pk": 325, 
  "model": "events.availability", 
  "fields": {
    "date": 40, 
    "person": 25, 
    "host": false, 
    "available": false, 
    "cast": false
  }
},
{
  "pk": 326, 
  "model": "events.availability", 
  "fields": {
    "date": 49, 
    "person": 25, 
    "host": false, 
    "available": false, 
    "cast": false
  }
},
{
  "pk": 327, 
  "model": "events.availability", 
  "fields": {
    "date": 57, 
    "person": 25, 
    "host": false, 
    "available": false, 
    "cast": false
  }
},
{
  "pk": 328, 
  "model": "events.availability", 
  "fields": {
    "date": 41, 
    "person": 25, 
    "host": false, 
    "available": false, 
    "cast": false
  }
},
{
  "pk": 329, 
  "model": "events.availability", 
  "fields": {
    "date": 34, 
    "person": 8, 
    "host": false, 
    "available": true, 
    "cast": false
  }
},
{
  "pk": 330, 
  "model": "events.availability", 
  "fields": {
    "date": 43, 
    "person": 8, 
    "host": false, 
    "available": true, 
    "cast": false
  }
},
{
  "pk": 331, 
  "model": "events.availability", 
  "fields": {
    "date": 51, 
    "person": 8, 
    "host": false, 
    "available": true, 
    "cast": false
  }
},
{
  "pk": 332, 
  "model": "events.availability", 
  "fields": {
    "date": 35, 
    "person": 8, 
    "host": false, 
    "available": true, 
    "cast": true
  }
},
{
  "pk": 333, 
  "model": "events.availability", 
  "fields": {
    "date": 44, 
    "person": 8, 
    "host": false, 
    "available": true, 
    "cast": false
  }
},
{
  "pk": 334, 
  "model": "events.availability", 
  "fields": {
    "date": 52, 
    "person": 8, 
    "host": false, 
    "available": true, 
    "cast": false
  }
},
{
  "pk": 335, 
  "model": "events.availability", 
  "fields": {
    "date": 36, 
    "person": 8, 
    "host": false, 
    "available": true, 
    "cast": false
  }
},
{
  "pk": 336, 
  "model": "events.availability", 
  "fields": {
    "date": 45, 
    "person": 8, 
    "host": false, 
    "available": true, 
    "cast": false
  }
},
{
  "pk": 337, 
  "model": "events.availability", 
  "fields": {
    "date": 53, 
    "person": 8, 
    "host": false, 
    "available": true, 
    "cast": false
  }
},
{
  "pk": 338, 
  "model": "events.availability", 
  "fields": {
    "date": 37, 
    "person": 8, 
    "host": false, 
    "available": true, 
    "cast": false
  }
},
{
  "pk": 339, 
  "model": "events.availability", 
  "fields": {
    "date": 46, 
    "person": 8, 
    "host": false, 
    "available": false, 
    "cast": false
  }
},
{
  "pk": 340, 
  "model": "events.availability", 
  "fields": {
    "date": 54, 
    "person": 8, 
    "host": false, 
    "available": false, 
    "cast": false
  }
},
{
  "pk": 341, 
  "model": "events.availability", 
  "fields": {
    "date": 38, 
    "person": 8, 
    "host": false, 
    "available": false, 
    "cast": false
  }
},
{
  "pk": 342, 
  "model": "events.availability", 
  "fields": {
    "date": 47, 
    "person": 8, 
    "host": false, 
    "available": false, 
    "cast": false
  }
},
{
  "pk": 343, 
  "model": "events.availability", 
  "fields": {
    "date": 55, 
    "person": 8, 
    "host": false, 
    "available": false, 
    "cast": false
  }
},
{
  "pk": 344, 
  "model": "events.availability", 
  "fields": {
    "date": 39, 
    "person": 8, 
    "host": false, 
    "available": false, 
    "cast": false
  }
},
{
  "pk": 345, 
  "model": "events.availability", 
  "fields": {
    "date": 48, 
    "person": 8, 
    "host": false, 
    "available": false, 
    "cast": false
  }
},
{
  "pk": 346, 
  "model": "events.availability", 
  "fields": {
    "date": 56, 
    "person": 8, 
    "host": false, 
    "available": false, 
    "cast": false
  }
},
{
  "pk": 347, 
  "model": "events.availability", 
  "fields": {
    "date": 40, 
    "person": 8, 
    "host": false, 
    "available": false, 
    "cast": false
  }
},
{
  "pk": 348, 
  "model": "events.availability", 
  "fields": {
    "date": 49, 
    "person": 8, 
    "host": false, 
    "available": false, 
    "cast": false
  }
},
{
  "pk": 349, 
  "model": "events.availability", 
  "fields": {
    "date": 57, 
    "person": 8, 
    "host": false, 
    "available": false, 
    "cast": false
  }
},
{
  "pk": 350, 
  "model": "events.availability", 
  "fields": {
    "date": 41, 
    "person": 8, 
    "host": false, 
    "available": false, 
    "cast": false
  }
},
{
  "pk": 351, 
  "model": "events.availability", 
  "fields": {
    "date": 34, 
    "person": 22, 
    "host": false, 
    "available": true, 
    "cast": false
  }
},
{
  "pk": 352, 
  "model": "events.availability", 
  "fields": {
    "date": 43, 
    "person": 22, 
    "host": false, 
    "available": true, 
    "cast": false
  }
},
{
  "pk": 353, 
  "model": "events.availability", 
  "fields": {
    "date": 51, 
    "person": 22, 
    "host": false, 
    "available": true, 
    "cast": false
  }
},
{
  "pk": 354, 
  "model": "events.availability", 
  "fields": {
    "date": 35, 
    "person": 22, 
    "host": false, 
    "available": true, 
    "cast": true
  }
},
{
  "pk": 355, 
  "model": "events.availability", 
  "fields": {
    "date": 44, 
    "person": 22, 
    "host": false, 
    "available": true, 
    "cast": false
  }
},
{
  "pk": 356, 
  "model": "events.availability", 
  "fields": {
    "date": 52, 
    "person": 22, 
    "host": false, 
    "available": true, 
    "cast": false
  }
},
{
  "pk": 357, 
  "model": "events.availability", 
  "fields": {
    "date": 36, 
    "person": 22, 
    "host": false, 
    "available": true, 
    "cast": false
  }
},
{
  "pk": 358, 
  "model": "events.availability", 
  "fields": {
    "date": 45, 
    "person": 22, 
    "host": false, 
    "available": true, 
    "cast": false
  }
},
{
  "pk": 359, 
  "model": "events.availability", 
  "fields": {
    "date": 53, 
    "person": 22, 
    "host": false, 
    "available": true, 
    "cast": false
  }
},
{
  "pk": 360, 
  "model": "events.availability", 
  "fields": {
    "date": 37, 
    "person": 22, 
    "host": false, 
    "available": true, 
    "cast": false
  }
},
{
  "pk": 361, 
  "model": "events.availability", 
  "fields": {
    "date": 46, 
    "person": 22, 
    "host": false, 
    "available": false, 
    "cast": false
  }
},
{
  "pk": 362, 
  "model": "events.availability", 
  "fields": {
    "date": 54, 
    "person": 22, 
    "host": false, 
    "available": false, 
    "cast": false
  }
},
{
  "pk": 363, 
  "model": "events.availability", 
  "fields": {
    "date": 38, 
    "person": 22, 
    "host": false, 
    "available": false, 
    "cast": false
  }
},
{
  "pk": 364, 
  "model": "events.availability", 
  "fields": {
    "date": 47, 
    "person": 22, 
    "host": false, 
    "available": false, 
    "cast": false
  }
},
{
  "pk": 365, 
  "model": "events.availability", 
  "fields": {
    "date": 55, 
    "person": 22, 
    "host": false, 
    "available": false, 
    "cast": false
  }
},
{
  "pk": 366, 
  "model": "events.availability", 
  "fields": {
    "date": 39, 
    "person": 22, 
    "host": false, 
    "available": false, 
    "cast": false
  }
},
{
  "pk": 367, 
  "model": "events.availability", 
  "fields": {
    "date": 48, 
    "person": 22, 
    "host": false, 
    "available": false, 
    "cast": false
  }
},
{
  "pk": 368, 
  "model": "events.availability", 
  "fields": {
    "date": 56, 
    "person": 22, 
    "host": false, 
    "available": false, 
    "cast": false
  }
},
{
  "pk": 369, 
  "model": "events.availability", 
  "fields": {
    "date": 40, 
    "person": 22, 
    "host": false, 
    "available": false, 
    "cast": false
  }
},
{
  "pk": 370, 
  "model": "events.availability", 
  "fields": {
    "date": 49, 
    "person": 22, 
    "host": false, 
    "available": false, 
    "cast": false
  }
},
{
  "pk": 371, 
  "model": "events.availability", 
  "fields": {
    "date": 57, 
    "person": 22, 
    "host": false, 
    "available": false, 
    "cast": false
  }
},
{
  "pk": 372, 
  "model": "events.availability", 
  "fields": {
    "date": 41, 
    "person": 22, 
    "host": false, 
    "available": false, 
    "cast": false
  }
},
{
  "pk": 373, 
  "model": "events.availability", 
  "fields": {
    "date": 34, 
    "person": 19, 
    "host": false, 
    "available": true, 
    "cast": true
  }
},
{
  "pk": 374, 
  "model": "events.availability", 
  "fields": {
    "date": 43, 
    "person": 19, 
    "host": false, 
    "available": true, 
    "cast": false
  }
},
{
  "pk": 375, 
  "model": "events.availability", 
  "fields": {
    "date": 51, 
    "person": 19, 
    "host": false, 
    "available": true, 
    "cast": false
  }
},
{
  "pk": 376, 
  "model": "events.availability", 
  "fields": {
    "date": 35, 
    "person": 19, 
    "host": false, 
    "available": true, 
    "cast": true
  }
},
{
  "pk": 377, 
  "model": "events.availability", 
  "fields": {
    "date": 44, 
    "person": 19, 
    "host": false, 
    "available": true, 
    "cast": false
  }
},
{
  "pk": 378, 
  "model": "events.availability", 
  "fields": {
    "date": 52, 
    "person": 19, 
    "host": false, 
    "available": true, 
    "cast": false
  }
},
{
  "pk": 379, 
  "model": "events.availability", 
  "fields": {
    "date": 36, 
    "person": 19, 
    "host": false, 
    "available": true, 
    "cast": false
  }
},
{
  "pk": 380, 
  "model": "events.availability", 
  "fields": {
    "date": 45, 
    "person": 19, 
    "host": false, 
    "available": true, 
    "cast": false
  }
},
{
  "pk": 381, 
  "model": "events.availability", 
  "fields": {
    "date": 53, 
    "person": 19, 
    "host": false, 
    "available": true, 
    "cast": false
  }
},
{
  "pk": 382, 
  "model": "events.availability", 
  "fields": {
    "date": 37, 
    "person": 19, 
    "host": false, 
    "available": true, 
    "cast": false
  }
},
{
  "pk": 383, 
  "model": "events.availability", 
  "fields": {
    "date": 46, 
    "person": 19, 
    "host": false, 
    "available": true, 
    "cast": false
  }
},
{
  "pk": 384, 
  "model": "events.availability", 
  "fields": {
    "date": 54, 
    "person": 19, 
    "host": false, 
    "available": true, 
    "cast": false
  }
},
{
  "pk": 385, 
  "model": "events.availability", 
  "fields": {
    "date": 38, 
    "person": 19, 
    "host": false, 
    "available": true, 
    "cast": false
  }
},
{
  "pk": 386, 
  "model": "events.availability", 
  "fields": {
    "date": 47, 
    "person": 19, 
    "host": false, 
    "available": true, 
    "cast": false
  }
},
{
  "pk": 387, 
  "model": "events.availability", 
  "fields": {
    "date": 55, 
    "person": 19, 
    "host": false, 
    "available": true, 
    "cast": false
  }
},
{
  "pk": 388, 
  "model": "events.availability", 
  "fields": {
    "date": 39, 
    "person": 19, 
    "host": false, 
    "available": true, 
    "cast": false
  }
},
{
  "pk": 389, 
  "model": "events.availability", 
  "fields": {
    "date": 48, 
    "person": 19, 
    "host": false, 
    "available": true, 
    "cast": false
  }
},
{
  "pk": 390, 
  "model": "events.availability", 
  "fields": {
    "date": 56, 
    "person": 19, 
    "host": false, 
    "available": true, 
    "cast": false
  }
},
{
  "pk": 391, 
  "model": "events.availability", 
  "fields": {
    "date": 40, 
    "person": 19, 
    "host": false, 
    "available": true, 
    "cast": false
  }
},
{
  "pk": 392, 
  "model": "events.availability", 
  "fields": {
    "date": 49, 
    "person": 19, 
    "host": false, 
    "available": true, 
    "cast": false
  }
},
{
  "pk": 393, 
  "model": "events.availability", 
  "fields": {
    "date": 57, 
    "person": 19, 
    "host": false, 
    "available": true, 
    "cast": false
  }
},
{
  "pk": 394, 
  "model": "events.availability", 
  "fields": {
    "date": 41, 
    "person": 19, 
    "host": false, 
    "available": true, 
    "cast": false
  }
},
{
  "pk": 395, 
  "model": "events.availability", 
  "fields": {
    "date": 34, 
    "person": 1, 
    "host": false, 
    "available": false, 
    "cast": false
  }
},
{
  "pk": 396, 
  "model": "events.availability", 
  "fields": {
    "date": 43, 
    "person": 1, 
    "host": false, 
    "available": false, 
    "cast": false
  }
},
{
  "pk": 397, 
  "model": "events.availability", 
  "fields": {
    "date": 51, 
    "person": 1, 
    "host": false, 
    "available": false, 
    "cast": false
  }
},
{
  "pk": 398, 
  "model": "events.availability", 
  "fields": {
    "date": 35, 
    "person": 1, 
    "host": false, 
    "available": false, 
    "cast": false
  }
},
{
  "pk": 399, 
  "model": "events.availability", 
  "fields": {
    "date": 44, 
    "person": 1, 
    "host": false, 
    "available": false, 
    "cast": false
  }
},
{
  "pk": 400, 
  "model": "events.availability", 
  "fields": {
    "date": 52, 
    "person": 1, 
    "host": false, 
    "available": false, 
    "cast": false
  }
},
{
  "pk": 401, 
  "model": "events.availability", 
  "fields": {
    "date": 36, 
    "person": 1, 
    "host": false, 
    "available": false, 
    "cast": false
  }
},
{
  "pk": 402, 
  "model": "events.availability", 
  "fields": {
    "date": 45, 
    "person": 1, 
    "host": false, 
    "available": false, 
    "cast": false
  }
},
{
  "pk": 403, 
  "model": "events.availability", 
  "fields": {
    "date": 53, 
    "person": 1, 
    "host": false, 
    "available": false, 
    "cast": false
  }
},
{
  "pk": 404, 
  "model": "events.availability", 
  "fields": {
    "date": 37, 
    "person": 1, 
    "host": false, 
    "available": false, 
    "cast": false
  }
},
{
  "pk": 405, 
  "model": "events.availability", 
  "fields": {
    "date": 46, 
    "person": 1, 
    "host": false, 
    "available": false, 
    "cast": false
  }
},
{
  "pk": 406, 
  "model": "events.availability", 
  "fields": {
    "date": 54, 
    "person": 1, 
    "host": false, 
    "available": false, 
    "cast": false
  }
},
{
  "pk": 407, 
  "model": "events.availability", 
  "fields": {
    "date": 38, 
    "person": 1, 
    "host": false, 
    "available": false, 
    "cast": false
  }
},
{
  "pk": 408, 
  "model": "events.availability", 
  "fields": {
    "date": 47, 
    "person": 1, 
    "host": false, 
    "available": false, 
    "cast": false
  }
},
{
  "pk": 409, 
  "model": "events.availability", 
  "fields": {
    "date": 55, 
    "person": 1, 
    "host": false, 
    "available": false, 
    "cast": false
  }
},
{
  "pk": 410, 
  "model": "events.availability", 
  "fields": {
    "date": 39, 
    "person": 1, 
    "host": false, 
    "available": false, 
    "cast": false
  }
},
{
  "pk": 411, 
  "model": "events.availability", 
  "fields": {
    "date": 48, 
    "person": 1, 
    "host": false, 
    "available": false, 
    "cast": false
  }
},
{
  "pk": 412, 
  "model": "events.availability", 
  "fields": {
    "date": 56, 
    "person": 1, 
    "host": false, 
    "available": false, 
    "cast": false
  }
},
{
  "pk": 413, 
  "model": "events.availability", 
  "fields": {
    "date": 40, 
    "person": 1, 
    "host": false, 
    "available": false, 
    "cast": false
  }
},
{
  "pk": 414, 
  "model": "events.availability", 
  "fields": {
    "date": 49, 
    "person": 1, 
    "host": false, 
    "available": false, 
    "cast": false
  }
},
{
  "pk": 415, 
  "model": "events.availability", 
  "fields": {
    "date": 57, 
    "person": 1, 
    "host": false, 
    "available": false, 
    "cast": false
  }
},
{
  "pk": 416, 
  "model": "events.availability", 
  "fields": {
    "date": 41, 
    "person": 1, 
    "host": false, 
    "available": false, 
    "cast": false
  }
}
]
